<?xml version="1.0" encoding="utf-8" ?>
<log4net>
  <root>
    <level value="INFO" />
    <appender-ref ref="LogFileAppender" />
  </root>
  <appender name="LogFileAppender" type="log4net.Appender.RollingFileAppender" >
    <File value = "${MirrorAppDataPath}\log\Mirror.log" />
    <Encoding value="utf-8" />
    <AppendToFile value="true" />
    <RollingStyle value="Size" />
    <MaxSizeRollBackups value="3" />
    <MaximumFileSize value="4MB" />
    <StaticLogFileName value="true" />
    <layout type="log4net.Layout.PatternLayout">
      <ConversionPattern value="%d [%t] %L %-5p %c : %m%n" />
    </layout>
  </appender>
</log4net>